Date,SiteID,BeeID,Bombus_spp,CapTimeH,CapTimeM,CarryPollen,SampleID,HostCommon,HostFamily,HostGenus,HostSpecies,Flying,Forage,NestSeek,ReleaseTimeH,ReleaseTimeM,InHandM,BeeNotes
4/30/22,RHF2,KLS0277,bimaculatus,15,47,0,0,purple dead nettle,Lamiaceae,Lamium,purpureum,,1,,17,19,92,
4/30/22,RHF2,SCA0020,bimaculatus,15,48,0,0,purple dead nettle,Lamiaceae,Lamium,purpureum,,1,,17,17,89,
4/30/22,RHF2,SCA0019,bimaculatus,15,3,0,0,purple dead nettle,Lamiaceae,Lamium,purpureum,,1,,17,15,132,
4/30/22,RHF2,KLS0278,griseocollis,15,50,0,0,purple dead nettle,Lamiaceae,Lamium,purpureum,,1,,17,12,82,
4/30/22,RHF2,KLS0276,bimaculatus,15,46,0,0,purple dead nettle,Lamiaceae,Lamium,purpureum,,1,,17,11,85,
4/30/22,RHF2,KLS0279,impatiens,15,53,0,0,,,,,,,1,17,8,75,
4/30/22,RHF2,KLS0280,bimaculatus,16,4,0,0,,,,,,,1,17,7,63,walked on the grass but didn't seem like a potential nest site
4/30/22,RHF2,KLS0275,bimaculatus,15,41,0,0,purple dead nettle,Lamiaceae,Lamium,purpureum,,1,,17,5,84,
4/30/22,RHF2,KLS0273,bimaculatus,15,12,0,0,,,,,,,1,17,3,111,
4/30/22,RHF2,KLS0274,impatiens,15,14,0,0,,,,,,,1,16,58,104,
4/30/22,RHF2,KLS0272,griseocollis,15,4,1,KLS0272,,,,,1,,,16,56,112,"escaped, no pics of ITS"
4/30/22,RHF2,KLS0271,griseocollis,14,50,0,0,,,,,,,1,16,54,124,
4/30/22,RHF2,KLS0270,griseocollis,14,43,0,0,,,,,,,1,16,53,130,
4/30/22,SKY2,KLS0268,vagans-sandersoni-perplexus,12,20,0,0,,,,,,,1,14,1,101,color rubbed off on top
4/30/22,SKY2,SCA0013,fervidus,10,27,1,SCA0013,dandelion,Asteraceae,Taraxacum,officinale,,1,,13,59,212,
4/30/22,SKY2,KLS0267,vagans-sandersoni-perplexus,12,0,0,0,autumn olive,Elaeagnaceae,Elaeagnus,umbellata,,1,,13,57,117,
4/30/22,SKY2,KLS0266,bimaculatus,11,53,1,KLS0266,redbud,Fabaceae,Cercis,canadensis,,1,,13,54,121,
4/30/22,SKY2,KLS0263,bimaculatus,11,7,1,KLS0263,purple dead nettle,Lamiaceae,Lamium,purpureum,,1,,13,50,163,
4/30/22,SKY2,KLS0261,vagans-sandersoni-perplexus,10,56,0,0,,,,,,,1,13,49,173,"whiteish residue on her back, hair rubbed off"
4/30/22,SKY2,KLS0259,fervidus,10,42,1,KLS0259,purple dead nettle,Lamiaceae,Lamium,purpureum,,1,,13,45,183,
4/30/22,SKY2,SCA0018,bimaculatus,12,7,0,0,,,,,,,1,13,34,87,
4/30/22,SKY2,KLS0269,bimaculatus,12,29,0,0,purple dead nettle,Lamiaceae,Lamium,purpureum,,1,,13,32,63,
4/30/22,SKY2,SCA0016,bimaculatus,11,30,1,0,purple dead nettle,Lamiaceae,Lamium,purpureum,,1,,13,29,119,
4/30/22,SKY2,KLS0265,impatiens,11,47,0,0,,,,,,,1,13,27,100,
4/30/22,SKY2,SCA0017,bimaculatus,11,55,1,0,purple dead nettle,Lamiaceae,Lamium,purpureum,,1,,13,25,90,small queen
4/30/22,SKY2,KLS0264,bimaculatus,11,43,0,0,brambles,Rosaceae,Rubus,sp,,1,,13,21,98,
4/30/22,SKY2,SCA0015,bimaculatus,11,25,0,0,purple dead nettle,Lamiaceae,Lamium,purpureum,,1,,13,14,109,small queen
4/30/22,SKY2,SCA0014,bimaculatus,10,48,0,0,purple dead nettle,Lamiaceae,Lamium,purpureum,,1,,13,13,145,
4/30/22,SKY2,KLS0262,impatiens,11,1,0,0,autumn olive,Elaeagnaceae,Elaeagnus,umbellata,,1,,13,9,128,
4/30/22,SKY2,KLS0260,bimaculatus,10,51,0,0,purple dead nettle,Lamiaceae,Lamium,purpureum,,1,,13,5,134,
4/30/22,SKY2,KLS0258,fervidus,10,38,0,0,ground ivy,Lamiaceae,Glechoma,hederacea,,1,,13,3,145,
4/29/22,RLP2,KLS0257,impatiens,16,37,0,0,autumn olive,Elaeagnaceae,Elaeagnus,umbellata,,1,,,,,
4/29/22,RLP2,KLS0255,fervidus,16,29,0,0,vetch,Fabaceae,Vicia,sativa,,1,,17,19,50,
4/29/22,RLP2,KLS0256,fervidus,16,32,1,KLS0256,vetch,Fabaceae,Vicia,sativa,,1,,17,17,45,
4/29/22,RLP2,KLS0254,fervidus,16,18,1,KLS0254,autumn olive,Elaeagnaceae,Elaeagnus,umbellata,,1,,17,11,53,
4/29/22,RLP2,KLS0253,bimaculatus,15,52,1,KLS0253,honeysuckle,Caprifoliaceae,Lonicera,morrowii,,1,,17,3,71,
4/29/22,RLP2,KLS0252,griseocollis,15,41,0,0,,,,,,,1,16,58,77,
4/29/22,RLP2,KLS0251,griseocollis,15,36,0,0,,,,,,,1,16,55,79,
4/29/22,RLP2,KLS0249,impatiens,15,27,0,0,,,,,,,1,16,52,85,
4/29/22,RLP2,KLS0250,bimaculatus,15,32,0,0,,,,,,,1,16,50,78,
4/29/22,GMCP2,KLS0248,griseocollis,12,38,1,KLS0248,meadowsweet,Rosaceae,Spiraea,x vanhouttei,,1,,14,15,97,
4/29/22,GMCP2,KLS0247,griseocollis,12,25,0,0,ground ivy,Lamiaceae,Glechoma,hederacea,,1,,14,13,108,
4/29/22,GMCP2,KLS0246,bimaculatus,12,15,1,KLS0246,ground ivy,Lamiaceae,Glechoma,hederacea,,1,,14,10,115,
4/29/22,GMCP2,KLS0245,griseocollis,12,6,1,0,ground ivy OR purple dead nettle,Lamiaceae,Lamium,purpureum,,1,,14,8,122,
4/29/22,GMCP2,KLS0244,bimaculatus,12,3,1,KLS0244,ground ivy,Lamiaceae,Glechoma,hederacea,,1,,14,4,121,
4/29/22,GMCP2,KLS0241,fervidus,11,32,1,KLS0241,henbit,Lamiaceae,Lamium,amplexicaule,,1,,14,2,150,
4/29/22,GMCP2,SCA0010,vagans-sandersoni-perplexus,11,56,1,SCA0010,ground ivy OR purple dead nettle,Lamiaceae,Glechoma,hederacea,,1,,13,58,122,
4/29/22,GMCP2,SCA0009,bimaculatus,11,47,1,SCA0009,ground ivy,Lamiaceae,Glechoma,hederacea,,1,,13,55,128,
4/29/22,GMCP2,SCA0012,bimaculatus,12,22,0,0,ground ivy,Lamiaceae,Glechoma,hederacea,,1,,13,34,72,
4/29/22,GMCP2,KLS0243,bimaculatus,11,52,0,0,,,,,,,1,13,31,99,
4/29/22,GMCP2,KLS0242,impatiens,11,37,0,0,dame's rocket,Brassicaceae,Hesperis,matronalis,,1,,13,28,111,
4/29/22,GMCP2,KLS0240,impatiens,11,24,0,0,ground ivy,Lamiaceae,Glechoma,hederacea,,1,,13,24,120,napping? Sleeping?
4/29/22,GMCP2,SCA0011,impatiens,12,5,0,0,purple dead nettle,Lamiaceae,Lamium,purpureum,,1,,13,20,75,
4/28/22,NFCP2,KLS0239,impatiens,16,47,0,0,,,,,,,1,17,16,29,
4/28/22,NFCP2,KLS0236,impatiens,16,33,0,0,,,,,,,1,17,14,41,small queen
4/28/22,NFCP2,KLS0237,impatiens,16,39,0,0,,,,,,,1,17,13,34,
4/28/22,NFCP2,KLS0238,impatiens,16,40,0,0,,,,,,,1,17,11,31,
4/28/22,NFCP2,KLS0235,bimaculatus,16,18,0,0,ground ivy,Lamiaceae,Glechoma,hederacea,,1,,17,9,51,
4/28/22,NFCP2,KLS0234,impatiens,15,48,0,0,,,,,1,,,16,9,21,
4/28/22,NFCP2,KLS0233,impatiens,15,29,0,0,,,,,1,,,16,4,35,
4/28/22,RSP2,KLS0232,impatiens,13,22,0,0,ground ivy,Lamiaceae,Glechoma,hederacea,,1,,14,17,55,
4/28/22,RSP2,KLS0231,bimaculatus,13,19,0,0,ground ivy,Lamiaceae,Glechoma,hederacea,,1,,14,15,56,
4/28/22,RSP2,KLS0230,griseocollis,13,15,0,0,ground ivy,Lamiaceae,Glechoma,hederacea,,1,,14,11,56,
4/28/22,RSP2,KLS0229,impatiens,12,49,0,0,,,,,,,1,14,6,77,
4/28/22,RSP2,SCA0008,bimaculatus,12,15,1,0,purple dead nettle,Lamiaceae,Lamium,purpureum,,1,,14,3,108,
4/25/22,VHVG2,KLS0225,bimaculatus,13,4,1,KLS0225,ground ivy,Lamiaceae,Glechoma,hederacea,,1,,15,2,118,small queen
4/25/22,VHVG2,KLS0224,bimaculatus,12,45,1,KLS0224,ground ivy,Lamiaceae,Glechoma,hederacea,,1,,14,55,130,small queen
4/25/22,VHVG2,KLS0227,griseocollis,13,57,1,KLS0227,willow,Salicaceae,Salix,sp,,1,,14,51,54,
4/25/22,VHVG2,KLS0228,impatiens,14,0,0,0,,,,,,,1,14,44,44,
4/25/22,VHVG2,KLS0226,bimaculatus,13,47,0,0,willow,Salicaceae,Salix,sp,,1,,14,42,55,
4/25/22,SPIL2,SCA0007,griseocollis,10,40,0,0,autumn olive,Elaeagnaceae,Elaeagnus,umbellata,,1,,11,59,79,
4/25/22,SPIL2,SCA0006,impatiens,9,55,0,0,autumn olive,Elaeagnaceae,Elaeagnus,umbellata,,1,,11,57,122,
4/25/22,SPIL2,KLS0221,bimaculatus,10,11,1,KLS0221,autumn olive,Elaeagnaceae,Elaeagnus,umbellata,1,,,11,53,102,
4/25/22,SPIL2,KLS0223,griseocollis,10,51,0,0,autumn olive,Elaeagnaceae,Elaeagnus,umbellata,,1,,11,45,54,
4/25/22,SPIL2,KLS0222,vagans-sandersoni-perplexus,10,46,0,0,autumn olive,Elaeagnaceae,Elaeagnus,umbellata,,1,,11,40,54,
4/25/22,SPIL2,KLS0220,vagans-sandersoni-perplexus,9,43,0,0,autumn olive,Elaeagnaceae,Elaeagnus,umbellata,,1,,11,33,110,
4/25/22,SPIL2,KLS0219,impatiens,9,30,0,0,,,,,,,1,11,29,119,small queen
4/24/22,MP2,KLS0218,auricomus,14,57,0,0,,,,,,,1,16,30,93,nest seeking? flying low but pretty fast
4/24/22,MP2,KLS0211,vagans-sandersoni-perplexus,13,43,0,0,,,,,,,1,16,5,142,yellow on T3 (drawing on datasheet)
4/24/22,MP2,KLS0215,impatiens,14,37,0,0,,,,,,,1,15,58,81,small queen
4/24/22,MP2,KLS0217,impatiens,14,47,0,0,,,,,,,1,15,55,68,
4/24/22,MP2,KLS0216,impatiens,14,44,0,0,,,,,,,1,15,48,64,
4/24/22,MP2,KLS0208,griseocollis,13,30,0,0,,,,,,,1,15,46,136,"nest seeking? Searching tree bases, then flew up along tree trunk"
4/24/22,MP2,KLS0214,impatiens,14,17,0,0,,,,,,,1,15,43,86,small queen
4/24/22,MP2,KLS0209,impatiens,13,34,1,KLS0209,,,,,,,1,15,40,126,
4/24/22,MP2,KLS0212,impatiens,13,46,0,0,,,,,,,1,15,35,109,
4/24/22,MP2,KLS0207,vagans-sandersoni-perplexus,13,26,0,0,,,,,,,1,15,31,125,
4/24/22,MP2,SCA0005,impatiens,13,25,0,0,,,,,,,1,15,29,124,small queen
4/24/22,MP2,KLS0213,griseocollis,13,49,0,0,,,,,,,1,15,28,99,
4/24/22,MP2,KLS0210,pensylvanicus,13,37,0,0,,,,,,,1,13,44,7,ESCAPED :((((((((((((((((((((((((((((((
4/24/22,MF2,SCA0004,impatiens,10,35,0,0,autumn olive,Elaeagnaceae,Elaeagnus,umbellata,,1,,12,26,111,
4/24/22,MF2,SCA0003,impatiens,9,55,0,0,purple dead nettle,Lamiaceae,Lamium,purpureum,,1,,12,21,146,small queen
4/24/22,MF2,KLS0205,pensylvanicus,10,40,1,KLS0205,B rapa,Brassicaceae,Brassica,rapa,,1,,12,17,97,
4/24/22,MF2,KLS0201,bimaculatus,10,15,1,KLS0201,yellow spring rocket,Brassicaceae,Barbarea,vulgaris,,1,,12,9,114,small queen
4/24/22,MF2,KLS0200,griseocollis,10,6,1,KLS0200,purple dead nettle,Lamiaceae,Lamium,purpureum,,1,,12,5,119,
4/24/22,MF2,KLS0206,bimaculatus,10,45,0,0,,,,,,,1,11,54,69,
4/24/22,MF2,KLS0204,bimaculatus,10,35,0,0,,,,,,,1,11,50,75,
4/24/22,MF2,KLS0203,impatiens,10,31,0,0,autumn olive,Elaeagnaceae,Elaeagnus,umbellata,,1,,11,48,77,
4/24/22,MF2,KLS0202,griseocollis,10,18,0,0,,,,,,,1,11,46,88,
4/24/22,MF2,KLS0199,impatiens,9,54,0,0,,,,,,,1,11,37,103,
4/24/22,MF2,KLS0198,impatiens,9,51,0,0,autumn olive,Elaeagnaceae,Elaeagnus,umbellata,,1,,11,27,96,
4/24/22,MF2,KLS0197,griseocollis,9,43,0,0,,,,,,,1,11,25,102,
4/24/22,MF2,KLS0195,vagans-sandersoni-perplexus,9,30,0,0,autumn olive,Elaeagnaceae,Elaeagnus,umbellata,,1,,11,21,111,
4/24/22,MF2,KLS0196,bimaculatus,9,40,0,0,,,,,,,1,11,16,96,small queen
4/24/22,MF2,KLS0194,griseocollis,9,26,0,0,autumn olive,Elaeagnaceae,Elaeagnus,umbellata,,1,,11,12,106,small queen
4/22/22,YMP2,SST0010,bimaculatus,13,27,1,0,ground ivy,Lamiaceae,Glechoma,hederacea,,1,,15,21,114,small queen
4/22/22,YMP2,KLS0193,bimaculatus,14,8,0,0,,,,,,,1,15,9,61,
4/22/22,YMP2,KLS0191,impatiens,13,22,0,0,,,,,,,1,15,7,105,
4/22/22,YMP2,KLS0192,impatiens,13,38,0,0,,,,,,,1,15,2,84,
4/22/22,YMP2,KLS0190,bimaculatus,13,16,0,0,,,,,,,1,15,0,104,
4/22/22,YMP2,KLS0188,impatiens,13,0,0,0,,,,,,,1,14,56,116,
4/22/22,YMP2,KLS0189,impatiens,13,9,0,0,,,,,,,1,14,52,103,
4/22/22,YMP2,KLS0187,auricomus,12,55,0,0,ground ivy,Lamiaceae,Glechoma,hederacea,,1,,14,24,89,WOW
4/22/22,CF2,KLS0185,impatiens,10,28,0,0,,,,,,,1,11,22,54,
4/22/22,CF2,KLS0184,griseocollis,10,14,0,0,purple dead nettle,Lamiaceae,Lamium,purpureum,,1,,11,20,66,small queen
4/22/22,CF2,KLS0183,bimaculatus,10,14,0,0,purple dead nettle,Lamiaceae,Lamium,purpureum,,1,,11,16,62,small queen
4/22/22,CF2,KLS0181,griseocollis,10,10,0,0,purple dead nettle,Lamiaceae,Lamium,purpureum,,1,,11,14,64,
4/22/22,CF2,KLS0182,bimaculatus,10,14,0,0,purple dead nettle,Lamiaceae,Lamium,purpureum,,1,,11,11,57,small queen
4/22/22,CF2,KLS0180,bimaculatus,10,2,0,0,purple dead nettle,Lamiaceae,Lamium,purpureum,,1,,11,9,67,
4/22/22,CF2,KLS0179,bimaculatus,10,0,0,0,purple dead nettle,Lamiaceae,Lamium,purpureum,,1,,11,7,67,
4/22/22,CF2,KLS0177,griseocollis,9,52,1,0,purple dead nettle,Lamiaceae,Lamium,purpureum,,1,,11,4,72,wet
4/22/22,CF2,KLS0178,impatiens,9,55,0,0,purple dead nettle,Lamiaceae,Lamium,purpureum,,1,,11,2,67,
4/22/22,CF2,KLS0176,griseocollis,9,49,0,0,purple dead nettle,Lamiaceae,Lamium,purpureum,,1,,11,0,71,
4/22/22,CF2,KLS0175,impatiens,9,26,0,0,,,,,,,1,10,58,92,
4/22/22,CF2,KLS0186,auricomus,10,28,0,0,henbit,Lamiaceae,Lamium,amplexicaule,,1,,10,50,22,WOW
4/21/22,RWP2,KLS0170,bimaculatus,14,47,1,KLS0170,ground ivy,Lamiaceae,Glechoma,hederacea,,1,,16,25,98,small queen
4/21/22,RWP2,KLS0169,bimaculatus,14,38,1,KLS0169,ground ivy,Lamiaceae,Glechoma,hederacea,,1,,16,20,102,small queen
4/21/22,RWP2,SST0009,griseocollis,14,43,0,0,purple dead nettle,Lamiaceae,Lamium,purpureum,,1,,16,8,85,
4/21/22,RWP2,KLS0174,impatiens,15,35,0,0,,,,,,,1,16,3,28,
4/21/22,RWP2,KLS0173,griseocollis,15,31,0,0,ground ivy,Lamiaceae,Glechoma,hederacea,,1,,16,0,29,
4/21/22,RWP2,KLS0172,impatiens,15,26,0,0,,,,,,,1,15,57,31,
4/21/22,RWP2,KLS0171,griseocollis,15,9,0,0,ground ivy,Lamiaceae,Glechoma,hederacea,,1,,15,55,46,
4/21/22,CFP2,KLS0168,impatiens,11,41,1,KLS0168,autumn olive,Elaeagnaceae,Elaeagnus,umbellata,,1,,13,29,108,
4/21/22,CFP2,KLS0167,impatiens,11,40,1,KLS0167,autumn olive,Elaeagnaceae,Elaeagnus,umbellata,,1,,13,27,107,
4/21/22,CFP2,KLS0165,bimaculatus,11,32,1,KLS0165,yellow spring rocket,Brassicaceae,Barbarea,vulgaris,,1,,13,25,113,
4/21/22,CFP2,KLS0163,griseocollis,11,16,1,KLS0163,autumn olive,Elaeagnaceae,Elaeagnus,umbellata,,1,,13,23,127,
4/21/22,CFP2,KLS0156,bimaculatus,10,25,1,KLS0156,purple dead nettle,Lamiaceae,Lamium,purpureum,,1,,13,9,164,
4/21/22,CFP2,KLS0159,bimaculatus,10,55,1,KLS0159,yellow spring rocket,Brassicaceae,Barbarea,vulgaris,,1,,13,6,131,
4/21/22,CFP2,KLS0153,bimaculatus,10,11,1,KLS0153,yellow spring rocket,Brassicaceae,Barbarea,vulgaris,,1,,13,4,173,
4/21/22,CFP2,KLS0155,bimaculatus,10,21,1,KLS0155,yellow spring rocket,Brassicaceae,Barbarea,vulgaris,,1,,13,1,160,
4/21/22,CFP2,KLS0166,bimaculatus,11,33,0,0,,,,,,,1,12,43,70,
4/21/22,CFP2,KLS0160,vagans-sandersoni-perplexus,11,0,0,0,autumn olive,Elaeagnaceae,Elaeagnus,umbellata,,1,,12,38,98,
4/21/22,CFP2,KLS0158,impatiens,10,37,0,0,autumn olive,Elaeagnaceae,Elaeagnus,umbellata,,1,,12,28,111,
4/21/22,CFP2,KLS0164,bimaculatus,11,23,0,0,,,,,,,1,12,25,62,
4/21/22,CFP2,KLS0161,vagans-sandersoni-perplexus,11,5,0,0,autumn olive,Elaeagnaceae,Elaeagnus,umbellata,,1,,12,22,77,tube mislabeled as KLS160 in photos
4/21/22,CFP2,KLS0162,griseocollis,11,10,0,0,,,,,,,1,12,17,67,
4/21/22,CFP2,KLS0157,bimaculatus,10,27,0,0,,,,,,,1,12,13,106,
4/21/22,CFP2,KLS0154,bimaculatus,10,16,0,0,purple dead nettle,Lamiaceae,Lamium,purpureum,,1,,12,8,112,
4/20/22,GCCP2,KLS0150,bimaculatus,13,32,1,KLS0150,autumn olive,Elaeagnaceae,Elaeagnus,umbellata,,1,,15,28,116,
4/20/22,GCCP2,KLS0152,impatiens,14,15,0,0,,,,,,,1,15,19,64,
4/20/22,GCCP2,KLS0151,griseocollis,14,6,0,0,,,,,,,1,15,17,71,
4/20/22,GCCP2,KLS0149,vagans-sandersoni-perplexus,13,30,0,0,autumn olive,Elaeagnaceae,Elaeagnus,umbellata,,1,,15,14,104,
4/20/22,GCCP2,KLS0147,vagans-sandersoni-perplexus,13,21,1,0,autumn olive,Elaeagnaceae,Elaeagnus,umbellata,,1,,15,11,110,
4/20/22,GCCP2,KLS0146b,griseocollis,13,10,0,0,autumn olive,Elaeagnaceae,Elaeagnus,umbellata,1,,,15,0,110,"missing GPS, pics taken (size, spp ID) but not of tube - find pics using release time and photo timestamps"
4/20/22,GCCP2,KLS0146,impatiens,13,8,0,0,,,,,,,1,14,57,109,
4/20/22,GCCP2,KLS0145,impatiens,13,2,0,0,,,,,,,1,14,54,112,
4/20/22,GCCP2,KLS0144,impatiens,12,59,0,0,,,,,1,,,14,51,112,
4/20/22,GCCP2,KLS0143,impatiens,12,53,0,0,autumn olive,Elaeagnaceae,Elaeagnus,umbellata,1,,,14,49,116,
4/20/22,GCCP2,KLS0142,griseocollis,12,50,0,0,,,,,1,,,14,46,116,
4/20/22,GCCP2,KLS0140b,bimaculatus,12,35,0,0,autumn olive,Elaeagnaceae,Elaeagnus,umbellata,,1,,14,44,129,"GPS called ""KLS140+141"""
4/20/22,GCCP2,KLS0141b,vagans-sandersoni-perplexus,12,37,0,0,autumn olive,Elaeagnaceae,Elaeagnus,umbellata,,1,,14,40,123,"GPS called ""KLS140+141"""
4/20/22,GCCP2,KLS0148,griseocollis,13,25,0,0,,,,,1,,,13,32,7,"released early, pics for spp ID only"
4/17/22,GF2,KLS0138,griseocollis,12,42,1,KLS0138,purple dead nettle,Lamiaceae,Lamium,purpureum,,1,,14,32,110,
4/17/22,GF2,KLS0141,bimaculatus,13,10,0,0,azaela,Ericaceae,Rhododendron,sp,,1,,14,25,75,pics of flower taken
4/17/22,GF2,KLS0137b,griseocollis,12,40,1,0,purple dead nettle,Lamiaceae,Lamium,purpureum,,1,,14,23,103,
4/17/22,GF2,KLS0140,bimaculatus,12,58,0,0,azaela,Ericaceae,Rhododendron,sp,,1,,14,19,81,pics of flower taken
4/17/22,GF2,KLS0139,bimaculatus,12,47,1,KLS0139,purple dead nettle,Lamiaceae,Lamium,purpureum,,1,,14,10,83,
4/17/22,GF2,KLS0137,bimaculatus,11,56,1,KLS0137,purple dead nettle,Lamiaceae,Lamium,purpureum,,1,,14,8,132,
4/17/22,GF2,KLS0136,griseocollis,11,51,1,KLS0136,purple dead nettle,Lamiaceae,Lamium,purpureum,,1,,14,5,134,
4/17/22,GF2,KLS0134,bimaculatus,11,44,1,KLS0134,purple dead nettle,Lamiaceae,Lamium,purpureum,,1,,14,2,138,
4/17/22,GF2,KLS0135,bimaculatus,11,47,1,KLS0135,purple dead nettle,Lamiaceae,Lamium,purpureum,,1,,13,44,117,
4/17/22,GF2,KLS0133,impatiens,11,43,0,0,purple dead nettle,Lamiaceae,Lamium,purpureum,,1,,13,32,109,
4/17/22,GF2,KLS0132,bimaculatus,11,25,1,0,purple dead nettle,Lamiaceae,Lamium,purpureum,,1,,13,28,123,
4/17/22,GF2,KLS0131,bimaculatus,11,19,0,0,,,,,,,1,13,12,113,
4/16/22,HF2,KLS0130,bimaculatus,12,30,0,0,purple dead nettle,Lamiaceae,Lamium,purpureum,,1,,13,23,53,
4/16/22,HF2,KLS0129,bimaculatus,12,27,0,0,purple dead nettle,Lamiaceae,Lamium,purpureum,,1,,13,20,53,
4/16/22,WSF2,KLS0119,griseocollis,9,49,1,KLS0119,"cherry, pics taken",Rosaceae,Prunus,sp,,1,,11,49,120,
4/16/22,WSF2,KLS0128,impatiens,10,43,0,0,,,,,,,1,11,42,59,
4/16/22,WSF2,KLS0124,impatiens,10,11,0,0,,,,,,,1,11,39,88,
4/16/22,WSF2,KLS0126,griseocollis,10,31,0,0,,,,,,,1,11,36,65,
4/16/22,WSF2,KLS0122,bimaculatus,10,1,0,0,purple dead nettle,Lamiaceae,Lamium,purpureum,,1,,11,34,93,
4/16/22,WSF2,KLS0120,bimaculatus,9,57,0,0,,,,,1,,,11,32,95,
4/16/22,WSF2,KLS0123,bimaculatus,10,7,0,0,purple dead nettle,Lamiaceae,Lamium,purpureum,,1,,11,23,76,
4/16/22,WSF2,KLS0121,bimaculatus,10,0,0,0,yellow spring rocket,Brassicaceae,Barbarea,vulgaris,,1,,11,18,78,
4/16/22,WSF2,KLS0118,bimaculatus,9,38,0,0,purple dead nettle,Lamiaceae,Lamium,purpureum,,,1,11,15,97,foraging but also looked like nest seeking
4/16/22,WSF2,KLS0117,griseocollis,9,21,0,0,purple dead nettle,Lamiaceae,Lamium,purpureum,,1,,11,12,111,
4/16/22,WSF2,KLS0127,impatiens,10,37,0,0,,,,,,,1,11,9,32,
4/16/22,WSF2,KLS0125,impatiens,10,18,0,0,,,,,,,1,11,8,50,
4/15/22,PCP2,KLS0114,griseocollis,14,55,0,0,,,,,,,1,17,7,132,
4/15/22,PCP2,KLS0116,impatiens,16,29,0,0,,,,,,,1,17,2,33,
4/15/22,PCP2,KLS0115,griseocollis,15,46,0,0,,,,,,,1,17,0,74,
4/15/22,SRNP2,KLS0106,impatiens,11,1,1,KLS0106,autumn olive,Elaeagnaceae,Elaeagnus,umbellata,,1,,13,53,172,
4/15/22,SRNP2,KLS0105,bimaculatus,10,56,1,KLS0105,autumn olive,Elaeagnaceae,Elaeagnus,umbellata,,1,,13,49,173,
4/15/22,SRNP2,KLS0110,bimaculatus,11,18,0,0,,,,,,,1,13,41,143,
4/15/22,SRNP2,KLS0111,griseocollis,11,32,0,0,purple dead nettle,Lamiaceae,Lamium,purpureum,,1,,13,39,127,
4/15/22,SRNP2,KLS0112,griseocollis,11,41,0,0,autumn olive,Elaeagnaceae,Elaeagnus,umbellata,,1,,13,35,114,
4/15/22,SRNP2,KLS0104,bimaculatus,10,43,0,0,autumn olive,Elaeagnaceae,Elaeagnus,umbellata,,1,,13,33,170,
4/15/22,SRNP2,KLS0103,bimaculatus,10,33,0,0,purple dead nettle,Lamiaceae,Lamium,purpureum,,1,,13,28,175,
4/15/22,SRNP2,KLS0109,bimaculatus,11,15,0,0,,,,,,,1,13,22,127,
4/15/22,SRNP2,KLS0113,impatiens,11,43,0,0,,,,,,,1,13,18,95,
4/15/22,SRNP2,KLS0108,bimaculatus,11,12,0,0,autumn olive,Elaeagnaceae,Elaeagnus,umbellata,,1,,13,15,123,
4/15/22,SRNP2,KLS0107,impatiens,11,6,0,0,,,,,,,1,13,12,126,
4/15/22,SRNP2,ESE0014,bimaculatus,11,45,0,0,,,,,,,1,13,9,84,
4/15/22,SRNP2,ESE0013,griseocollis,11,35,0,0,purple dead nettle,Lamiaceae,Lamium,purpureum,,1,,13,4,89,
4/15/22,SRNP2,ESE0011,bimaculatus,11,18,1,0,autumn olive,Elaeagnaceae,Elaeagnus,umbellata,,1,,12,58,100,rubbed off her own pollen (video captured)
4/15/22,SRNP2,ESE0012,bimaculatus,11,32,0,0,purple dead nettle,Lamiaceae,Lamium,purpureum,,1,,12,51,79,
4/15/22,SRNP2,ESE0009,impatiens,10,36,0,0,,,,,,,1,12,47,131,uncertain whether bee was nest-seeking or not; kinda looked like a worker?
4/15/22,SRNP2,ESE0010,impatiens,11,6,0,0,,,,,,,1,12,44,98,
4/13/22,ICF2,KLS0096,vagans-sandersoni-perplexus,9,52,1,KLS0096,autumn olive,Elaeagnaceae,Elaeagnus,umbellata,1,,,12,45,173,"heat stressed, recovered and flew away"
4/13/22,ICF2,NDC0003,bimaculatus,10,36,0,0,,,,,,,1,12,38,122,worker?
4/13/22,ICF2,KLS0102,bimaculatus,11,9,0,0,ground ivy,Lamiaceae,Glechoma,hederacea,1,,,12,35,86,
4/13/22,ICF2,REH0003,impatiens,11,5,0,0,,,,,,,1,12,30,85,
4/13/22,ICF2,REH0002,griseocollis,10,40,0,0,,,,,,,1,12,28,108,
4/13/22,ICF2,KLS0101,impatiens,10,52,0,0,,,,,,,1,12,15,83,
4/13/22,ICF2,KLS0099,griseocollis,10,29,0,0,,,,,,,1,12,12,103,
4/13/22,ICF2,KLS0098,bimaculatus,10,24,0,0,,,,,,,1,12,9,105,
4/13/22,ICF2,NDC0002,griseocollis,10,23,0,0,,,,,1,,,12,5,102,
4/13/22,ICF2,KLS0097,bimaculatus,10,7,0,0,ground ivy,Lamiaceae,Glechoma,hederacea,1,,,11,44,97,
4/13/22,ICF2,KLS0100,bimaculatus,10,45,0,0,redbud,Fabaceae,Cercis,canadensis,1,,,11,39,54,
4/12/22,DTP2,KLS0095,bimaculatus,14,24,1,KLS0095,purple dead nettle,Lamiaceae,Lamium,purpureum,1,,,15,31,67,
4/12/22,DTP2,ESE0008,bimaculatus,14,13,1,0,purple dead nettle,Lamiaceae,Lamium,purpureum,1,,,15,27,74,
4/12/22,DTP2,ESE0007,bimaculatus,14,2,0,0,purple dead nettle,Lamiaceae,Lamium,purpureum,1,,,15,19,77,
4/12/22,DTP2,ESE0006,bimaculatus,13,55,0,0,purple dead nettle,Lamiaceae,Lamium,purpureum,1,,,15,16,81,
4/12/22,DTP2,ESE0005,bimaculatus,13,30,0,0,purple dead nettle,Lamiaceae,Lamium,purpureum,1,,,15,14,104,
4/12/22,DTP2,LBH0005,griseocollis,13,40,0,0,,,,,,,1,14,18,38,
4/12/22,DTP2,ESE0004,bimaculatus,13,4,1,ESE0004,purple dead nettle,Lamiaceae,Lamium,purpureum,1,,,14,16,72,
4/12/22,DTP2,KLS0094,bimaculatus,13,0,0,0,autumn olive,Elaeagnaceae,Elaeagnus,umbellata,1,,,13,59,59,missing GPS
4/12/22,DTP2,KLS0091,bimaculatus,12,21,0,0,purple dead nettle,Lamiaceae,Lamium,purpureum,,1,,13,54,93,
4/12/22,DTP2,KLS0093,impatiens,12,44,0,0,autumn olive,Elaeagnaceae,Elaeagnus,umbellata,,1,,13,50,66,
4/12/22,DTP2,LBH0003,griseocollis,12,40,0,0,,,,,,,1,13,45,65,
4/12/22,DTP2,LBH0002,griseocollis,12,25,0,0,,,,,,,1,13,43,78,
4/12/22,DTP2,KLS0092,bimaculatus,12,34,0,0,ground ivy,Lamiaceae,Glechoma,hederacea,,1,,13,39,65,
4/12/22,DTP2,LBH0004,griseocollis,12,57,0,0,,,,,,,1,13,35,38,
4/12/22,DTP2,ESE0003b,griseocollis,12,56,0,0,purple dead nettle,Lamiaceae,Lamium,purpureum,,1,,13,33,37,
4/12/22,DTP2,ESE0003a,bimaculatus,12,53,0,0,purple dead nettle,Lamiaceae,Lamium,purpureum,,1,,13,31,38,
4/12/22,DTP2,ESE0003c,griseocollis,12,55,0,0,,,,,1,,,13,26,31,
4/12/22,CHP2,KLS0090,impatiens,10,13,0,0,,,,,,,1,10,55,42,
4/12/22,CHP2,KLS0089,impatiens,10,9,0,0,,,,,,,1,10,53,44,
4/12/22,CHP2,KLS0088,griseocollis,10,5,0,0,,,,,,,1,10,51,46,
4/12/22,CHP2,KLS0087,bimaculatus,9,55,0,0,,,,,,,1,10,47,52,
4/12/22,CHP2,KLS0086,griseocollis,9,46,0,0,,,,,,,1,10,43,57,
4/12/22,CHP2,KLS0085,bimaculatus,9,42,0,0,periwinkle,Apocynaceae,Vinca,minor,,1,,10,41,59,
4/12/22,CHP2,KLS0084,griseocollis,9,38,0,0,,,,,1,,,10,38,60,
4/11/22,WCP2,LBH0001,bimaculatus,13,54,0,0,violet,Violaceae,Viola,sp,,1,,15,54,120,maybe worker?
4/11/22,WCP2,KLS0083,impatiens,14,45,0,0,autumn olive,Elaeagnaceae,Elaeagnus,umbellata,,1,,15,50,65,
4/11/22,WCP2,KLS0081,bimaculatus,14,34,0,0,ground ivy,Lamiaceae,Glechoma,hederacea,,1,,15,43,69,
4/11/22,WCP2,KLS0080,bimaculatus,14,31,0,0,ground ivy,Lamiaceae,Glechoma,hederacea,,1,,15,36,65,
4/11/22,WCP2,KLS0079,griseocollis,13,33,0,0,eastern redbud,Fabaceae,Cercis,canadensis,,1,,15,32,119,
4/11/22,WCP2,KLS0078,griseocollis,13,40,0,0,,,,,,,1,15,6,86,maybe nest seeking?
4/11/22,WCP2,KLS0082,bimaculatus,14,41,0,0,,,,,1,,,14,45,4,"released to capture #83, pics taken"
4/11/22,SP2,KLS0077,impatiens,11,5,0,0,,,,,,,1,11,51,46,
4/11/22,SP2,KLS0075,impatiens,10,41,0,0,autumn olive,Elaeagnaceae,Elaeagnus,umbellata,,1,,11,46,65,
4/11/22,SP2,KLS0076,impatiens,10,45,0,0,,,,,,,1,11,46,61,
4/11/22,SP2,KLS0074,griseocollis,10,33,0,0,,,,,,,1,11,43,70,
4/11/22,SP2,KLS0073,impatiens,10,28,0,0,,,,,,,1,11,36,68,
4/11/22,SP2,KLS0072,griseocollis,10,5,0,0,autumn olive,Elaeagnaceae,Elaeagnus,umbellata,,1,,11,33,88,
4/11/22,SP2,KLS0071,bimaculatus,9,56,1,KLS0071,,,,,1,,,11,27,91,
4/9/22,RHF1,KLS0070,impatiens,13,41,0,0,,,,,,,1,14,7,26,
4/9/22,RHF1,KLS0069,bimaculatus,12,56,0,0,,,,,,,1,14,4,68,
4/8/22,SKY1,KLS0059,impatiens,13,32,0,0,plum? cherry? (pics),Rosaceae,Prunus,sp,,1,,,,,"lethargic, eventually flew to daffodil"
4/8/22,SKY1,KLS0068,bimaculatus,15,7,0,0,purple dead nettle,Lamiaceae,Lamium,purpureum,,1,,16,2,55,
4/8/22,SKY1,KLS0067,impatiens,15,3,0,0,,,,,,,1,16,0,57,
4/8/22,SKY1,KLS0066,bimaculatus,15,0,0,0,ground ivy,Lamiaceae,Glechoma,hederacea,,1,,15,56,56,
4/8/22,SKY1,KLS0065,bimaculatus,14,57,0,0,purple dead nettle,Lamiaceae,Lamium,purpureum,,1,,15,51,54,maybe worker?
4/8/22,SKY1,KLS0064,bimaculatus,14,17,0,0,,,,,1,,,15,41,84,
4/8/22,SKY1,KLS0063,bimaculatus,14,10,0,0,,,,,1,,,15,39,89,maybe worker?
4/8/22,SKY1,KLS0062,impatiens,13,47,0,0,,,,,,,1,15,32,105,
4/8/22,SKY1,KLS0061,bimaculatus,13,36,0,0,ground ivy,Lamiaceae,Glechoma,hederacea,,1,,15,30,114,maybe worker?
4/8/22,SKY1,KLS0060,bimaculatus,13,36,0,0,ground ivy,Lamiaceae,Glechoma,hederacea,,1,,15,25,109,maybe worker?
4/8/22,RLP1,KLS0058,griseocollis,12,23,0,0,maybe ground ivy,Lamiaceae,Glechoma,hederacea,,1,,12,44,21,flew up from ground
4/8/22,RLP1,KLS0057,griseocollis,12,16,0,0,,,,,,,1,12,41,25,maybe worker?
4/4/22,GMCP1,CKC0001,impatiens,14,25,1,CKC0001,cherry,Rosaceae,Prunus,sp,,1,,15,40,75,
4/4/22,GMCP1,KLS0055,impatiens,14,16,1,KLS0055,cherry,Rosaceae,Prunus,sp,,1,,15,36,80,
4/4/22,GMCP1,KLS0054,bimaculatus,14,15,1,KLS0054,cherry,Rosaceae,Prunus,sp,,1,,15,34,79,worn wings
4/4/22,GMCP1,KLS0052,bimaculatus,13,38,1,KLS0052,cherry,Rosaceae,Prunus,sp,,1,,15,30,112,
4/4/22,GMCP1,KLS0051,impatiens,13,30,0,0,cherry,Rosaceae,Prunus,sp,,1,,15,15,105,
4/4/22,GMCP1,KLS0053,impatiens,13,44,1,0,cherry,Rosaceae,Prunus,sp,,1,,15,3,79,
4/4/22,GMCP1,SCA0002,bimaculatus,14,10,1,0,cherry,Rosaceae,Prunus,sp,,1,,14,56,46,
4/4/22,GMCP1,KLS0056,bimaculatus,14,28,0,0,cherry,Rosaceae,Prunus,sp,,1,,14,52,24,
4/3/22,RSP1,KLS0050,bimaculatus,14,56,0,0,purple dead nettle,Lamiaceae,Lamium,purpureum,,1,,16,6,70,
4/3/22,RSP1,KLS0049,bimaculatus,14,54,1,0,purple dead nettle,Lamiaceae,Lamium,purpureum,,1,,16,1,67,
4/3/22,VHVG1,KLS0044,bimaculatus,12,4,1,KLS0044,ground ivy,Lamiaceae,Glechoma,hederacea,,1,,13,57,113,
4/3/22,VHVG1,KLS0045,bimaculatus,12,6,1,KLS0045,ground ivy,Lamiaceae,Glechoma,hederacea,,1,,13,54,108,
4/3/22,VHVG1,KLS0047,griseocollis,12,49,0,0,cherry,Rosaceae,Prunus,sp,,1,,13,49,60,
4/3/22,VHVG1,KLS0048,bimaculatus,12,57,0,0,ground ivy,Lamiaceae,Glechoma,hederacea,,1,,13,35,38,
4/3/22,VHVG1,KLS0046,bimaculatus,12,15,0,0,henbit,Lamiaceae,Lamium,amplexicaule,,1,,13,28,73,
4/2/22,SPIL1,KLS0043,bimaculatus,16,1,0,0,,,,,,,1,,,,
4/2/22,SPIL1,SFB0001,bimaculatus,16,25,0,0,purple dead nettle,Lamiaceae,Lamium,purpureum,,1,,17,13,48,
4/2/22,SPIL1,AGB0001,bimaculatus,15,55,1,0,purple dead nettle,Lamiaceae,Lamium,purpureum,,1,,17,7,72,
4/2/22,SPIL1,KLS0042,bimaculatus,15,54,0,0,purple dead nettle,Lamiaceae,Lamium,purpureum,,1,,17,2,68,
4/2/22,SPIL1,KLS0041,bimaculatus,15,51,0,0,,,,,,,1,16,59,68,
4/2/22,SPIL1,CDC0001,bimaculatus,16,24,0,0,purple dead nettle,Lamiaceae,Lamium,purpureum,,1,,16,54,30,
4/2/22,MF1,KLS0039,impatiens,13,56,0,0,purple dead nettle,Lamiaceae,Lamium,purpureum,,1,,14,42,46,
4/2/22,MF1,KLS0038,bimaculatus,13,55,1,0,purple dead nettle,Lamiaceae,Lamium,purpureum,,1,,14,39,44,
4/2/22,MF1,SCA0001,bimaculatus,13,20,0,0,purple dead nettle,Lamiaceae,Lamium,purpureum,,1,,14,36,76,
4/2/22,MF1,KLS0040,impatiens,14,3,0,0,ground ivy,Lamiaceae,Glechoma,hederacea,,1,,14,32,29,
4/2/22,MF1,KLS0037,impatiens,13,47,0,0,purple dead nettle,Lamiaceae,Lamium,purpureum,,1,,14,29,42,
4/2/22,MF1,KLS0036,vagans-sandersoni-perplexus,12,52,0,0,purple dead nettle,Lamiaceae,Lamium,purpureum,,1,,14,24,92,
3/30/22,CF1,SST0008,bimaculatus,16,3,0,0,purple dead nettle,Lamiaceae,Lamium,purpureum,,1,,,,,
3/30/22,CF1,SST0005,bimaculatus,14,51,1,0,purple dead nettle,Lamiaceae,Lamium,purpureum,,1,,17,30,159,
3/30/22,CF1,SST0007,bimaculatus,15,54,0,0,purple dead nettle,Lamiaceae,Lamium,purpureum,,1,,17,7,73,
3/30/22,CF1,SST0006,bimaculatus,15,38,0,0,purple dead nettle,Lamiaceae,Lamium,purpureum,,1,,17,3,85,
3/30/22,CF1,KLS0035,bimaculatus,16,8,0,0,purple dead nettle,Lamiaceae,Lamium,purpureum,,1,,16,58,50,
3/30/22,CF1,KLS0034,bimaculatus,16,5,0,0,,,,,,,1,16,56,51,
3/30/22,CF1,KLS0033,impatiens,15,55,0,0,,,,,,,1,16,53,58,
3/30/22,CF1,KLS0032,bimaculatus,15,51,0,0,,,,,,,1,16,51,60,
3/30/22,CF1,KLS0031,bimaculatus,15,24,0,0,,,,,1,,,16,47,83,
3/30/22,CF1,KLS0030,bimaculatus,15,18,0,0,,,,,,,1,16,44,86,
3/30/22,CF1,KLS0029,griseocollis,15,12,0,0,,,,,,,1,16,38,86,
3/30/22,YMP1,KLS0028,bimaculatus,12,22,0,0,,,,,1,,,13,11,49,
3/29/22,CFP1,SST0003,griseocollis,14,26,0,0,purple dead nettle,Lamiaceae,Lamium,purpureum,,1,,15,2,36,
3/29/22,CFP1,SST0002,impatiens,13,45,0,0,purple dead nettle,Lamiaceae,Lamium,purpureum,,1,,14,22,37,
3/29/22,CFP1,SST0001,bimaculatus,13,40,0,0,purple dead nettle,Lamiaceae,Lamium,purpureum,,1,,14,17,37,
3/26/22,GF1,KLS0027,bimaculatus,13,46,1,KLS0027,hellebore,Ranunculaceae,Hellebores,sp,,1,,14,33,47,
3/26/22,GF1,KLS0026,bimaculatus,13,31,0,0,purple dead nettle,Lamiaceae,Lamium,purpureum,,1,,14,26,55,
3/26/22,GF1,KLS0025,impatiens,13,26,0,0,purple dead nettle,Lamiaceae,Lamium,purpureum,,1,,14,22,56,
3/26/22,GF1,KLS0024,bimaculatus,13,3,0,0,purple dead nettle,Lamiaceae,Lamium,purpureum,,1,,14,18,75,
3/25/22,WSF1,KLS0023,bimaculatus,16,44,0,0,"cherry, weeping form",Rosaceae,Prunus,sp,,1,,16,58,14,
3/25/22,HF1,KLS0020,impatiens,14,9,0,0,periwinkle,Apocynaceae,Vinca,minor,,1,,14,50,41,
3/25/22,HF1,KLS0021,bimaculatus,14,19,0,0,,,,,1,,,14,45,26,
3/25/22,HF1,KLS0019,bimaculatus,14,9,0,0,periwinkle,Apocynaceae,Vinca,minor,,1,,14,42,33,
3/25/22,HF1,KLS0022,bimaculatus,14,28,0,0,purple dead nettle,Lamiaceae,Lamium,purpureum,,1,,14,40,12,
3/25/22,HF1,NDC0001,bimaculatus,14,13,0,0,periwinkle,Apocynaceae,Vinca,minor,,1,,14,36,23,
3/24/22,SRNP1,KLS0018,griseocollis,16,22,0,0,,,,,,,1,17,15,53,
3/24/22,SRNP1,KLS0015,impatiens,15,49,0,0,,,,,,,1,17,6,77,
3/24/22,SRNP1,KLS0017,bimaculatus,16,9,0,0,,,,,,,1,17,3,54,missing GPS
3/24/22,SRNP1,ESE0003,bimaculatus,16,17,0,0,purple dead nettle,Lamiaceae,Lamium,purpureum,,1,,16,58,41,
3/24/22,SRNP1,ESE0001,bimaculatus,15,42,0,0,purple dead nettle,Lamiaceae,Lamium,purpureum,,1,,16,54,72,
3/24/22,SRNP1,ESE0002,bimaculatus,16,6,0,0,purple dead nettle,Lamiaceae,Lamium,purpureum,,1,,16,49,43,
3/24/22,SRNP1,KLS0016,bimaculatus,15,55,0,0,,,,,1,,,16,40,45,
3/24/22,SRNP1,KLS0014,bimaculatus,14,43,0,0,purple dead nettle,Lamiaceae,Lamium,purpureum,,1,,15,29,46,
3/24/22,SRNP1,KLS0013,impatiens,14,39,0,0,purple dead nettle,Lamiaceae,Lamium,purpureum,,1,,15,3,24,
3/24/22,SRNP1,KLS0012,bimaculatus,14,35,0,0,purple dead nettle,Lamiaceae,Lamium,purpureum,,1,,15,0,25,
3/22/22,ICF1,KLS0011,bimaculatus,16,42,0,0,,,,,,,1,17,0,18,
3/22/22,ICF1,KLS0007,impatiens,14,51,1,KLS0007,ground ivy,Lamiaceae,Glechoma,hederacea,,1,,16,0,69,
3/22/22,ICF1,KLS0010,bimaculatus,15,25,0,0,ground ivy,Lamiaceae,Glechoma,hederacea,,1,,15,55,30,
3/22/22,ICF1,KLS0009,impatiens,15,4,0,0,ground ivy,Lamiaceae,Glechoma,hederacea,,1,,15,40,36,
3/22/22,ICF1,KLS0008,impatiens,14,58,0,0,ground ivy,Lamiaceae,Glechoma,hederacea,,1,,15,36,38,
3/22/22,CHP1,KLS0006,bimaculatus,13,56,0,0,,,,,,,1,14,26,30,
3/22/22,CHP1,KLS0005,bimaculatus,12,50,0,0,,,,,,,1,13,30,40,
3/22/22,DTP1,REH0001,impatiens,10,52,0,0,,,,,1,,,11,32,40,
3/22/22,DTP1,KLS0004,bimaculatus,10,25,0,0,purple dead nettle,Lamiaceae,Lamium,purpureum,,1,,11,25,60,no pics of ITS
3/21/22,SP1,KLS0003,impatiens,14,49,0,0,cherry,Rosaceae,Prunus,sp,,1,,15,4,15,
3/21/22,SP1,KLS0002,impatiens,12,29,0,0,periwinkle,Apocynaceae,Vinca,minor,,1,,12,52,23,no pics of ITS
3/21/22,SP1,KLS0001,impatiens,12,28,0,0,periwinkle,Apocynaceae,Vinca,minor,,1,,12,44,16,
3/30/22,BEF_01,Bombus_001,bimaculatus,,,0,0,,Lamiaceae,Lamium,purpureum,,1,,,,,
3/30/22,BEF_01,Bombus_002,bimaculatus,,,0,0,,Lamiaceae,Lamium,purpureum,,1,,,,,
3/31/22,BEF_02,Bombus_003,bimaculatus,,,0,0,,,,,1,,,,,,screen
3/31/22,BEF_02,Bombus_004,bimaculatus,,,0,0,,Lamiaceae,Lamium,purpureum,,1,,,,,
3/31/22,BEF_02,Bombus_005,bimaculatus,,,0,0,,Lamiaceae,Lamium,purpureum,,1,,,,,
3/31/22,BEF_02,Bombus_006,impatiens,,,0,0,,,,,1,,,,,,screen
4/1/22,BEF_03,Bombus_007,bimaculatus,,,0,0,,Lamiaceae,Lamium,purpureum,,1,,,,,
4/4/22,BEF_04,Bombus_008,impatiens,,,0,0,,,,,1,,,,,,screen
4/4/22,BEF_04,Bombus_009,bimaculatus,,,0,0,,Lamiaceae,Lamium,purpureum,,1,,,,,
4/4/22,BEF_04,Bombus_010,bimaculatus,,,0,0,,Lamiaceae,Lamium,purpureum,,1,,,,,
4/4/22,BEF_04,Bombus_011,bimaculatus,,,0,0,,Lamiaceae,Lamium,purpureum,,1,,,,,
4/8/22,BEF_06,Bb001,bimaculatus,10,29,1,Bb001,,Lamiaceae,Lamium,purpureum,,1,,,,,
4/8/22,BEF_06,Bb002,bimaculatus,13,17,1,Bb002,,,,,1,,,,,,screen
4/8/22,BEF_06,Bombus_012,bimaculatus,,,0,0,,Boraginaceae,Mertensia,virginiana,,1,,,,,
4/8/22,BEF_06,Bombus_013,bimaculatus,,,0,0,,Lamiaceae,Lamium,purpureum,,1,,,,,
4/8/22,BEF_06,Bombus_014,bimaculatus,,,0,0,,Lamiaceae,Lamium,purpureum,,1,,,,,
4/8/22,BEF_06,Bombus_015,bimaculatus,,,0,0,,Lamiaceae,Lamium,purpureum,,1,,,,,
4/8/22,BEF_06,Bombus_016,impatiens,,,0,0,,Lamiaceae,Lamium,purpureum,,1,,,,,
4/8/22,BEF_06,Bombus_017,impatiens,,,0,0,,Lamiaceae,Lamium,purpureum,,1,,,,,
4/8/22,BEF_06,Bombus_018,impatiens,,,0,0,,Boraginaceae,Mertensia,virginiana,,1,,,,,
4/8/22,BEF_06,Bombus_019,bimaculatus,,,0,0,,Boraginaceae,Mertensia,virginiana,,1,,,,,
4/8/22,BEF_06,Bombus_020,impatiens,,,0,0,,Boraginaceae,Mertensia,virginiana,,1,,,,,
4/11/22,BEF_09,Bb003,bimaculatus,12,35,1,Bb003,,Lamiaceae,Glechoma,hederacea,,1,,,,,
4/11/22,BEF_09,Bb004,bimaculatus,12,22,1,Bb004,,Lamiaceae,Glechoma,hederacea,,1,,,,,
4/11/22,BEF_09,Bombus_021,bimaculatus,,,0,0,,Boraginaceae,Mertensia,virginiana,,1,,,,,
4/11/22,BEF_09,Bombus_022,impatiens,,,0,0,,Rosaceae,Malus,sp,,1,,,,,
4/11/22,BEF_09,Bombus_023,bimaculatus,,,0,0,,Rosaceae,Prunus,sp,,1,,,,,
4/11/22,BEF_09,Bombus_024,bimaculatus,,,0,0,,Lamiaceae,Glechoma,hederacea,,1,,,,,
4/11/22,BEF_09,Bombus_025,impatiens,,,0,0,,Rosaceae,Prunus,sp,,1,,,,,
4/11/22,BEF_09,Bombus_026,bimaculatus,,,0,0,,Rosaceae,Prunus,sp,,1,,,,,
4/11/22,BEF_09,Bombus_027,bimaculatus,,,0,0,,Rosaceae,Prunus,sp,,1,,,,,
4/11/22,BEF_09,Bombus_028,bimaculatus,,,0,0,,Rosaceae,Prunus,sp,,1,,,,,
4/11/22,BEF_09,Bombus_029,griseocollis,,,0,0,,Rosaceae,Prunus,sp,,1,,,,,
4/13/22,BEF_11,Bb005,bimaculatus,13,53,1,Bb005,,Lamiaceae,Glechoma,hederacea,,1,,,,,
4/13/22,BEF_11,Bb006,bimaculatus,15,5,1,0,,Lamiaceae,Glechoma,hederacea,,1,,,,,KLS comment Dec 2023: this sample did not exist
4/13/22,BEF_11,Bb007,bimaculatus,14,30,1,Bb007,,Boraginaceae,Mertensia,virginiana,,1,,,,,T'ai
4/13/22,BEF_11,Bb008,bimaculatus,14,30,1,Bb008,,Boraginaceae,Mertensia,virginiana,,1,,,,,T'ai
4/13/22,BEF_11,Bb009,bimaculatus,14,30,1,Bb009,,Boraginaceae,Mertensia,virginiana,,1,,,,,T'ai
4/13/22,BEF_11,Bb010,bimaculatus,14,30,1,Bb010,,Rosaceae,Chaenomeles,sp,,1,,,,,T'ai
4/13/22,BEF_11,Bombus_030,bimaculatus,,,0,0,,Boraginaceae,Mertensia,virginiana,,1,,,,,
4/13/22,BEF_11,Bombus_031,impatiens,,,0,0,,Boraginaceae,Mertensia,virginiana,,1,,,,,
4/14/22,BEF_12,Bb011,bimaculatus,10,8,1,Bb011,,Lamiaceae,Glechoma,hederacea,,1,,,,,
4/14/22,BEF_12,Bb012,bimaculatus,10,11,1,Bb012,,Boraginaceae,Mertensia,virginiana,,1,,,,,
4/14/22,BEF_12,Bb013,bimaculatus,10,17,1,Bb013,,Lamiaceae,Glechoma,hederacea,,1,,,,,
4/14/22,BEF_12,Bb014,bimaculatus,12,53,1,Bb014,,Lamiaceae,Glechoma,hederacea,,1,,,,,begin pm sample
4/14/22,BEF_12,Bombus_032,bimaculatus,,,0,0,,Lamiaceae,Glechoma,hederacea,,1,,,,,
4/14/22,BEF_12,Bombus_033,bimaculatus,,,0,0,,Lamiaceae,Glechoma,hederacea,,1,,,,,
4/14/22,BEF_12,Bombus_034,bimaculatus,,,0,0,,Lamiaceae,Glechoma,hederacea,,1,,,,,
4/14/22,BEF_12,Bombus_035,bimaculatus,,,0,0,,Lamiaceae,Glechoma,hederacea,,1,,,,,
4/14/22,BEF_12,Bombus_036,bimaculatus,,,0,0,,Boraginaceae,Mertensia,virginiana,,1,,,,,
4/14/22,BEF_12,Bombus_037,bimaculatus,,,0,0,,Boraginaceae,Mertensia,virginiana,,1,,,,,
4/14/22,BEF_12,Bombus_038,bimaculatus,,,0,0,,Boraginaceae,Mertensia,virginiana,,1,,,,,
4/14/22,BEF_12,Bombus_039,bimaculatus,,,0,0,,Boraginaceae,Mertensia,virginiana,,1,,,,,
4/14/22,BEF_12,Bombus_040,impatiens,,,0,0,,Lamiaceae,Glechoma,hederacea,,1,,,,,
4/14/22,BEF_12,Bombus_041,impatiens,,,0,0,,,,,1,,,,,,flying
4/14/22,BEF_12,Bombus_042,bimaculatus,,,0,0,,Lamiaceae,Glechoma,hederacea,,1,,,,,
4/14/22,BEF_12,Bombus_043,impatiens,,,0,0,,Lamiaceae,Glechoma,hederacea,,1,,,,,
4/14/22,BEF_12,Bombus_044,fervidus,,,0,0,,Lamiaceae,Lamium,purpureum,,1,,,,,
4/14/22,BEF_12,Bombus_045,bimaculatus,,,0,0,,Lamiaceae,Lamium,purpureum,,1,,,,,
4/14/22,BEF_12,Bombus_046,impatiens,,,0,0,,Lamiaceae,Lamium,purpureum,,1,,,,,
4/14/22,BEF_12,Bombus_047,bimaculatus,,,0,0,,Lamiaceae,Lamium,purpureum,,1,,,,,
4/14/22,BEF_12,Bombus_048,bimaculatus,,,0,0,,Polemoniaceae,Polemonium,reptans,,1,,,,,
4/14/22,BEF_12,Bombus_049,impatiens,,,0,0,,,,,1,,,,,,flying
4/14/22,BEF_12,Bombus_050,impatiens,,,0,0,,Rosaceae,Prunus,sp,,1,,,,,
4/14/22,BEF_12,Bombus_051,bimaculatus,,,0,0,,Oleacea,Elaeagnus,umbellata,,1,,,,,
4/14/22,BEF_12,Bombus_052,impatiens,,,0,0,,Oleacea,Elaeagnus,umbellata,,1,,,,,
4/14/22,BEF_12,Bombus_053,impatiens,,,0,0,,Oleacea,Elaeagnus,umbellata,,1,,,,,
4/14/22,BEF_12,Bombus_054,impatiens,,,0,0,,Lamiaceae,Lamium,purpureum,,1,,,,,
4/14/22,BEF_12,Bombus_055,bimaculatus,,,0,0,,Lamiaceae,Lamium,purpureum,,1,,,,,
4/14/22,BEF_12,Bombus_056,impatiens,,,0,0,,Lamiaceae,Lamium,purpureum,,1,,,,,
4/14/22,BEF_12,Bombus_057,bimaculatus,,,0,0,,Lamiaceae,Lamium,purpureum,,1,,,,,
4/14/22,BEF_12,Bombus_058,bimaculatus,,,0,0,,Boraginaceae,Mertensia,virginiana,,1,,,,,
4/14/22,BEF_12,Bombus_059,bimaculatus,,,0,0,,Lamiaceae,Glechoma,hederacea,,1,,,,,
4/15/22,BEF_14,Bombus_060,griseocollis,,,0,0,,Lamiaceae,Lamium,purpureum,,1,,,,,
4/15/22,BEF_14,Bombus_061,bimaculatus,,,0,0,,Lamiaceae,Lamium,purpureum,,1,,,,,
4/15/22,BEF_14,Bombus_062,bimaculatus,,,0,0,,Lamiaceae,Lamium,purpureum,,1,,,,,
4/15/22,BEF_14,Bombus_063,bimaculatus,,,0,0,,Fabaceae,Cercis,canadensis,,1,,,,,
4/15/22,BEF_14,Bombus_064,impatiens,,,0,0,,Oleacea,Elaeagnus,umbellata,,1,,,,,
4/15/22,BEF_14,Bombus_065,bimaculatus,,,0,0,,Oleacea,Elaeagnus,umbellata,,1,,,,,
4/15/22,BEF_14,Bombus_066,impatiens,,,0,0,,,,,1,,,,,,flying
4/15/22,BEF_14,Bombus_067,bimaculatus,,,0,0,,Lamiaceae,Lamium,purpureum,,1,,,,,
4/15/22,BEF_14,Bombus_068,impatiens,,,0,0,,Violaceae,Viola,sororia,,1,,,,,
4/20/22,BEF_15,Bb015,bimaculatus,13,18,1,Bb015,,Lamiaceae,Glechoma,hederacea,,1,,,,,
4/20/22,BEF_15,Bb016,bimaculatus,13,36,1,Bb016,,Oleacea,Elaeagnus,umbellata,,1,,,,,
4/21/22,BEF_16,Bb017,bimaculatus,14,0,1,Bb017,,Fabaceae,Cercis,canadensis,,1,,,,,
4/21/22,BEF_16,Bombus_069,impatiens,,,0,0,,,,,1,,,,,,flying
4/21/22,BEF_16,Bombus_070,bimaculatus,,,0,0,,Oleacea,Elaeagnus,umbellata,,1,,,,,
4/21/22,BEF_16,Bombus_071,impatiens,,,0,0,,Oleacea,Elaeagnus,umbellata,,1,,,,,
4/21/22,BEF_16,Bombus_072,bimaculatus,,,0,0,,Rosaceae,Malus,,,1,,,,,
4/21/22,BEF_16,Bombus_073,impatiens,,,0,0,,Oleacea,Elaeagnus,umbellata,,1,,,,,
4/21/22,BEF_16,Bombus_074,impatiens,,,0,0,,Oleacea,Elaeagnus,umbellata,,1,,,,,
4/21/22,BEF_16,Bombus_075,impatiens,,,0,0,,Oleacea,Elaeagnus,umbellata,,1,,,,,
4/21/22,BEF_16,Bombus_076,impatiens,,,0,0,,,,,1,,,,,,"flying, nest searching?"
4/22/22,BEF_17,Bb018,bimaculatus,13,11,1,Bb018,,Rosaceae,Prunus,maritima,,1,,,,,
4/22/22,BEF_17,Bb019,bimaculatus,13,50,1,Bb019,,Polemoniaceae,Polemonium,reptans,,1,,,,,
4/22/22,BEF_17,Bombus_077,bimaculatus,,,0,0,,Lamiaceae,Glechoma,hederacea,,1,,,,,
4/22/22,BEF_17,Bombus_078,impatiens,,,0,0,,Lamiaceae,Lamium,purpureum,,1,,,,,
4/22/22,BEF_17,Bombus_079,bimaculatus,,,0,0,,Lamiaceae,Lamium,purpureum,,1,,,,,
4/22/22,BEF_17,Bombus_080,impatiens,,,0,0,,,,,1,,,,,,flying
4/22/22,BEF_17,Bombus_081,impatiens,,,0,0,,Lamiaceae,Lamium,purpureum,,1,,,,,
4/22/22,BEF_17,Bombus_082,bimaculatus,,,0,0,,Lamiaceae,Glechoma,hederacea,,1,,,,,
4/22/22,BEF_17,Bombus_083,bimaculatus,,,0,0,,Lamiaceae,Glechoma,hederacea,,1,,,,,
4/22/22,BEF_17,Bombus_084,impatiens,,,0,0,,Lamiaceae,Lamium,purpureum,,1,,,,,
4/22/22,BEF_17,Bombus_085,bimaculatus,,,0,0,,Lamiaceae,Lamium,purpureum,,1,,,,,
4/22/22,BEF_17,Bombus_086,bimaculatus,,,0,0,,Oleacea,Elaeagnus,umbellata,,1,,,,,
4/22/22,BEF_17,Bombus_087,impatiens,,,0,0,,Oleacea,Elaeagnus,umbellata,,1,,,,,
4/22/22,BEF_17,Bombus_088,impatiens,,,0,0,,Oleacea,Elaeagnus,umbellata,,1,,,,,
4/22/22,BEF_17,Bombus_089,impatiens,,,0,0,,Oleacea,Elaeagnus,umbellata,,1,,,,,
4/22/22,BEF_17,Bombus_090,impatiens,,,0,0,,Oleacea,Elaeagnus,umbellata,,1,,,,,
4/22/22,BEF_17,Bombus_091,bimaculatus,,,0,0,,Lamiaceae,Lamium,purpureum,,1,,,,,
4/22/22,BEF_17,Bombus_092,griseocollis,,,0,0,,Oleacea,Elaeagnus,umbellata,,1,,,,,
4/22/22,BEF_17,Bombus_093,bimaculatus,,,0,0,,Lamiaceae,Lamium,purpureum,,1,,,,,
4/22/22,BEF_17,Bombus_094,bimaculatus,,,0,0,,Lamiaceae,Lamium,purpureum,,1,,,,,
4/22/22,BEF_17,Bombus_095,bimaculatus,,,0,0,,Lamiaceae,Glechoma,hederacea,,1,,,,,
4/22/22,BEF_17,Bombus_096,bimaculatus,,,0,0,,Boraginaceae,Mertensia,virginiana,,1,,,,,
4/22/22,BEF_17,Bombus_097,impatiens,,,0,0,,Boraginaceae,Mertensia,virginiana,,1,,,,,
4/22/22,BEF_17,Bombus_098,griseocollis,,,0,0,,Oleacea,Elaeagnus,umbellata,,1,,,,,
4/25/22,BEF_18,Bf001,fervidus,15,52,1,Bf001,,Lamiaceae,Lamium,purpureum,,1,,,,,
4/25/22,BEF_18,Bg001,griseocollis,12,11,1,Bg001,,Rosaceae,Prunus,maritima,,1,,,,,
4/25/22,BEF_18,Bg002,griseocollis,12,13,1,Bg002,,Rosaceae,Prunus,maritima,,1,,,,,
4/25/22,BEF_18,Bg003,griseocollis,12,18,1,Bg003,,Rosaceae,Malus,,,1,,,,,
4/25/22,BEF_18,Bg004,griseocollis,12,21,1,Bg004,,Rosaceae,Malus,,,1,,,,,
4/25/22,BEF_18,Bg005,griseocollis,12,42,1,Bg005,,Oleacea,Elaeagnus,umbellata,,1,,,,,
4/25/22,BEF_18,Bombus_099,impatiens,,,1,0,,Rosaceae,Prunus,maritima,,1,,,,,
4/25/22,BEF_18,Bombus_100,griseocollis,,,0,0,,Oleacea,Elaeagnus,umbellata,,1,,,,,
4/25/22,BEF_18,Bombus_101,impatiens,,,0,0,,Oleacea,Elaeagnus,umbellata,,1,,,,,
4/27/22,BEF_20,Bb020,bimaculatus,15,39,1,Bb020,,Rosaceae,Malus,,,1,,,,,
4/27/22,BEF_20,Bb021,bimaculatus,15,45,1,Bb021,,Lamiaceae,Glechoma,hederacea,,1,,,,,
4/27/22,BEF_20,Bombus_102,impatiens,,,0,0,,Oleacea,Elaeagnus,umbellata,,1,,,,,
4/27/22,BEF_20,Bombus_103,griseocollis,,,0,0,,Oleacea,Elaeagnus,umbellata,,1,,,,,
4/27/22,BEF_20,Bombus_104,auricomus,,,0,0,,Oleacea,Elaeagnus,umbellata,,1,,,,,
4/27/22,BEF_20,Bombus_105,impatiens,,,0,0,,Oleacea,Elaeagnus,umbellata,,1,,,,,
4/27/22,BEF_20,Bombus_106,impatiens,,,0,0,,Oleacea,Elaeagnus,umbellata,,1,,,,,
4/27/22,BEF_20,Bombus_107,bimaculatus,,,0,0,,Oleacea,Elaeagnus,umbellata,,1,,,,,
4/27/22,BEF_20,Bombus_108,bimaculatus,,,0,0,,Oleacea,Elaeagnus,umbellata,,1,,,,,
4/28/22,BEF_21,Ba001,auricomus,14,29,1,Ba001,,Oleacea,Elaeagnus,umbellata,,1,,,,,
4/28/22,BEF_21,Bb022,bimaculatus,13,45,1,Bb022,,Oleacea,Elaeagnus,umbellata,,1,,,,,
4/28/22,BEF_21,Bg006,griseocollis,14,47,1,Bg006,,Oleacea,Elaeagnus,umbellata,,1,,,,,
4/28/22,BEF_21,Bi001,bimaculatus,14,13,1,Bi001,,Oleacea,Elaeagnus,umbellata,,1,,,,,Incorrectly identified  when the tube was labeled. Actually a bimaculatus
4/28/22,BEF_21,Bi002,impatiens,14,55,1,Bi002,,Oleacea,Elaeagnus,umbellata,,1,,,,,
4/28/22,BEF_21,Bombus_109,bimaculatus,,,0,0,,Lamiaceae,Glechoma,hederacea,,1,,,,,
4/28/22,BEF_21,Bombus_110,impatiens,,,0,0,,Lamiaceae,Lamium,purpureum,,1,,,,,
4/28/22,BEF_21,Bombus_111,griseocollis,,,0,0,,Oleacea,Elaeagnus,umbellata,,1,,,,,
4/28/22,BEF_21,Bombus_112,impatiens,,,0,0,,Oleacea,Elaeagnus,umbellata,,1,,,,,
4/28/22,BEF_21,Bombus_113,griseocollis,,,0,0,,Oleacea,Elaeagnus,umbellata,,1,,,,,
4/28/22,BEF_21,Bombus_114,impatiens,,,0,0,,Oleacea,Elaeagnus,umbellata,,1,,,,,
4/28/22,BEF_21,Bombus_115,griseocollis,,,0,0,,Oleacea,Elaeagnus,umbellata,,1,,,,,
4/28/22,BEF_21,Bombus_116,impatiens,,,0,0,,Fabaceae,Cercis,canadensis,,1,,,,,
4/29/22,BEF_22,Ba002,auricomus,16,42,1,Ba002,,Oleacea,Elaeagnus,umbellata,,1,,,,,
4/29/22,BEF_22,Bb023,bimaculatus,16,8,1,Bb023,,Fabaceae,Cercis,canadensis,,1,,,,,
4/29/22,BEF_22,Bb024,bimaculatus,16,39,1,Bb024,,Oleacea,Elaeagnus,umbellata,,1,,,,,tiny amount of pollen
4/29/22,BEF_22,Bg007,griseocollis,16,57,1,Bg007,,Oleacea,Elaeagnus,umbellata,,1,,,,,
4/29/22,BEF_22,Bg008,griseocollis,17,1,1,Bg008,,Oleacea,Elaeagnus,umbellata,,1,,,,,
4/29/22,BEF_22,Bombus_117,impatiens,,,0,0,,Fabaceae,Cercis,canadensis,,1,,,,,
4/29/22,BEF_22,Bombus_118,impatiens,,,0,0,,Oleacea,Elaeagnus,umbellata,,1,,,,,
4/29/22,BEF_22,Bombus_119,impatiens,,,0,0,,Oleacea,Elaeagnus,umbellata,,1,,,,,
4/29/22,BEF_22,Bombus_120,impatiens,,,0,0,,Oleacea,Elaeagnus,umbellata,,1,,,,,
4/29/22,BEF_22,Bombus_121,bimaculatus,,,0,0,,Oleacea,Elaeagnus,umbellata,,1,,,,,
4/29/22,BEF_22,Bombus_122,bimaculatus,,,0,0,,Oleacea,Elaeagnus,umbellata,,1,,,,,
4/29/22,BEF_22,Bombus_123,griseocollis,,,0,0,,Oleacea,Elaeagnus,umbellata,,1,,,,,
5/2/22,BEF_23,Bb025,bimaculatus,16,17,1,Bb025,,Oleacea,Elaeagnus,umbellata,,1,,,,,
5/2/22,BEF_23,Bg009,griseocollis,16,4,1,Bg009,,Oleacea,Elaeagnus,umbellata,,1,,,,,
5/2/22,BEF_23,Bg010,griseocollis,16,8,1,Bg010,,Oleacea,Elaeagnus,umbellata,,1,,,,,
5/2/22,BEF_23,Bg011,griseocollis,16,15,1,Bg011,,Oleacea,Elaeagnus,umbellata,,1,,,,,
5/2/22,BEF_23,Bg012,griseocollis,16,22,1,Bg012,,Oleacea,Elaeagnus,umbellata,,1,,,,,
5/2/22,BEF_23,Bombus_124,griseocollis,,,0,0,,Lamiaceae,Glechoma,hederacea,,1,,,,,
5/2/22,BEF_23,Bombus_125,auricomus,,,0,0,,Lamiaceae,Lamium,purpureum,,1,,,,,
5/2/22,BEF_23,Bombus_126,bimaculatus,,,0,0,,Oleacea,Elaeagnus,umbellata,,1,,,,,
5/2/22,BEF_23,Bombus_127,griseocollis,,,0,0,,Oleacea,Elaeagnus,umbellata,,1,,,,,
5/4/22,BEF_24,Bg013,griseocollis,13,22,1,Bg013,,Rosaceae,Photina,villosa,,1,,,,,Beging second 5/4 session
5/4/22,BEF_24,Bg014,griseocollis,15,38,1,Bg014,,Oleacea,Elaeagnus,umbellata,,1,,,,,
5/4/22,BEF_24,Bi003,impatiens,16,2,1,Bi003,,Oleacea,Elaeagnus,umbellata,,1,,,,,
5/4/22,BEF_24,Bi004,impatiens,15,59,1,Bi004,,Oleacea,Elaeagnus,umbellata,,1,,,,,tiny amount of pollen
5/4/22,BEF_24,Bi005,impatiens,16,35,1,Bi005,,Fabaceae,Wisteria,,,1,,,,,tiny amount of pollen
5/4/22,BEF_24,Bombus_128,impatiens,,,0,0,,Rosaceae,Photina,villosa,,1,,,,,
5/4/22,BEF_24,Bombus_129,impatiens,,,0,0,,,,,1,,,,,,flying
5/4/22,BEF_24,Bombus_130,impatiens,,,0,0,,Oleacea,Elaeagnus,umbellata,,1,,,,,
5/4/22,BEF_24,Bombus_131,impatiens,,,0,0,,,,,1,,,,,,flying
5/4/22,BEF_24,Bombus_132,griseocollis,,,0,0,,,,,1,,,,,,flying
5/4/22,BEF_24,Bombus_133,impatiens,,,0,0,,Oleacea,Elaeagnus,umbellata,,1,,,,,
5/4/22,BEF_24,Bombus_134,impatiens,,,0,0,,Oleacea,Elaeagnus,umbellata,,1,,,,,
5/4/22,BEF_24,Bombus_135,fervidus,,,0,0,,,,,1,,,,,,flying
5/5/22,BEF_26,Ba003,auricomus,10,26,1,Ba003,,Papaveraceae,Dicentra,eximia,,1,,,,,
5/5/22,BEF_26,Bg015,griseocollis,10,50,1,Bg015,,Oleacea,Elaeagnus,umbellata,,1,,,,,
5/5/22,BEF_26,Bi006,impatiens,11,12,1,Bi006,,Oleacea,Elaeagnus,umbellata,,1,,,,,
5/5/22,BEF_26,Bombus_136,impatiens,,,0,0,,Papaveraceae,Dicentra,eximia,,1,,,,,
5/5/22,BEF_26,Bombus_137,griseocollis,,,0,0,,Oleacea,Elaeagnus,umbellata,,1,,,,,
5/5/22,BEF_26,Bombus_138,impatiens,,,0,0,,,,,1,,,,,,flying
5/5/22,BEF_26,Bombus_139,impatiens,,,0,0,,Oleacea,Elaeagnus,umbellata,,1,,,,,
5/5/22,BEF_26,Bombus_140,impatiens,,,0,0,,Oleacea,Elaeagnus,umbellata,,1,,,,,
5/5/22,BEF_26,Bombus_141,impatiens,,,0,0,,,,,,,1,,,,nest searching?
5/5/22,BEF_26,Bombus_142,impatiens,,,0,0,,,,,,,1,,,,", nest searching?afternoon session"
5/5/22,BEF_26,Bombus_143,impatiens,,,0,0,,,,,,,1,,,,nest searching?
5/5/22,BEF_26,Bombus_144,impatiens,,,0,0,,Caprifoliaceae,Lonicera,mackii,,1,,,,,
5/5/22,BEF_26,Bombus_145,bimaculatus,,,0,0,,Caprifoliaceae,Lonicera,mackii,,1,,,,,
5/5/22,BEF_26,Bombus_146,impatiens,,,0,0,,,,,,,1,,,,nest searching?
5/5/22,BEF_26,Bombus_147,impatiens,,,0,0,,Caprifoliaceae,Lonicera,mackii,,1,,,,,
5/5/22,BEF_26,Bombus_148,bimaculatus,,,0,0,,Caprifoliaceae,Lonicera,mackii,,1,,,,,
5/9/22,BEF_28,Bf002,fervidus,11,50,1,Bf002,,Fabaceae,Lupinus,perennis,,1,,,,,
5/9/22,BEF_28,Bf003,fervidus,11,55,1,Bf003,,Rununculaceae,Aquilegia,canadensis,,1,,,,,
5/9/22,BEF_28,Bi007,bimaculatus,11,48,1,Bi007,,,,,1,,,,,,"screen, originally misidentified as impatiens"
5/9/22,BEF_28,Bombus_149,impatiens,,,0,0,,Oleacea,Elaeagnus,umbellata,,1,,,,,
5/9/22,BEF_28,Bombus_150,impatiens,,,0,0,,,,,1,,,,,,flying
5/9/22,BEF_28,Bombus_151,impatiens,,,0,0,,,,,1,,,,,,flying
5/9/22,BEF_28,Bombus_152,impatiens,,,0,0,,Lamiaceae,Lamium,purpureum,,1,,,,,begin pm sample
5/9/22,BEF_28,Bombus_153,impatiens,,,0,0,,,,,,,1,,,,nest searching?
5/9/22,BEF_28,Bombus_154,impatiens,,,0,0,,,,,,,1,,,,nest searching?
5/9/22,BEF_28,Bombus_155,griseocollis,,,0,0,,Caprifoliaceae,Lonicera,mackii,,1,,,,,
5/9/22,BEF_28,Bombus_156,griseocollis,,,0,0,,Caprifoliaceae,Lonicera,mackii,,1,,,,,dusting of pollen
5/9/22,BEF_28,Bombus_157,griseocollis,,,0,0,,Caprifoliaceae,Lonicera,mackii,,1,,,,,dusting of pollen
5/10/22,BEF_30,Bf004,fervidus,10,44,1,Bf004,,Fabaceae,Baptisia,australis,,1,,,,,
5/10/22,BEF_30,Bombus_158,griseocollis,,,0,0,,,,,,,1,,,,nest searching?
5/10/22,BEF_30,Bombus_159,impatiens,,,0,0,,,,,1,,,,,,"flying, begin pm session"
5/10/22,BEF_30,Bombus_160,impatiens,,,0,0,,,,,,,1,,,,nest searching?
5/10/22,BEF_30,Bombus_161,impatiens,,,0,0,,,,,,,1,,,,nest searching?
5/16/22,BEF_32,Bombus_162,impatiens,,,0,0,,Rununculaceae,Ranunculus,,,1,,,,,
5/16/22,BEF_32,Bombus_163,impatiens,,,0,0,,Fabaceae,Trifolium,campestre,,1,,,,,
5/16/22,BEF_32,Bombus_164,impatiens,,,0,0,,,,,,,1,,,,nest searching?
5/16/22,BEF_32,Bombus_165,impatiens,,,0,0,,,,,1,,,,,,"flying, begin pm session"
5/17/22,BEF_34,Bombus_166,bimaculatus,,,0,0,,,,,1,,,,,,flying
5/17/22,BEF_34,Bombus_167,impatiens,,,0,0,,,,,,,1,,,,nest searching?
5/17/22,BEF_34,Bombus_168,impatiens,,,0,0,,,,,,,1,,,,nest searching?
5/17/22,BEF_34,Bombus_169,impatiens,,,0,0,,,,,,,1,,,,nest searching?
5/17/22,BEF_34,Bombus_170,griseocollis,,,0,0,,Caprifoliaceae,Lonicera,mackii,,1,,,,,
5/17/22,BEF_34,Bombus_171,griseocollis,,,0,0,,Caprifoliaceae,Lonicera,mackii,,1,,,,,
5/18/22,BEF_35,Bg016,griseocollis,11,33,1,Bg016,,Rosaceae,Pyracantha,,,1,,,,,mojave cultivar
5/18/22,BEF_35,Bg017,griseocollis,11,34,1,Bg017,,Rosaceae,Pyracantha,,,1,,,,,mojave cultivar
5/18/22,BEF_35,Bg018,griseocollis,11,41,1,Bg018,,Rosaceae,Pyracantha,,,1,,,,,mojave cultivar
5/18/22,BEF_35,Bg019,griseocollis,11,43,1,Bg019,,Rosaceae,Pyracantha,,,1,,,,,mojave cultivar
5/18/22,BEF_35,Bombus_172,impatiens,,,0,0,,,,,1,,,,,,flying
5/23/22,BEF_36,Bombus_173,griseocollis,,,0,0,,Fabaceae,Cladastris,kentuckea,,1,,,,,
5/25/22,BEF_37,Bombus_174,impatiens,,,0,0,,,,,,,1,,,,nest searching?
5/25/22,BEF_37,Bombus_175,impatiens,,,0,0,,,,,1,,,,,,flying
5/25/22,BEF_37,Bombus_176,impatiens,,,0,0,,Caprifoliaceae,Lonicera,japonica,,1,,,,,
5/25/22,BEF_37,Bombus_177,griseocollis,,,0,0,,Caprifoliaceae,Lonicera,mackii,,1,,,,,
5/25/22,BEF_37,Bombus_178,impatiens,,,0,0,,Fabaceae,Cladastris,kentuckea,,1,,,,,
5/25/22,BEF_37,Bombus_179,griseocollis,,,0,0,,Fabaceae,Cladastris,kentuckea,,1,,,,,
5/25/22,BEF_37,Bombus_180,impatiens,,,0,0,,Fabaceae,Cladastris,kentuckea,,1,,,,,